	category1	category2	ko_id	function	species_name	hsds_id	hsds_num
0	09101 Carbohydrate metabolism	00010 Glycolysis / Gluconeogenesis [PATH:ko00010]	K13979  yahK; alcohol dehydrogenase (NAP+) 		uwo241	g1713.t1	1
1	09101 Carbohydrate metabolism	00020 itrate cycle (TA cycle) [PATH:ko00020]	K00031  IH1, IH2, icd; isocitrate dehydrogenase 		uwo241	g3379.t1	1
2	09101 Carbohydrate metabolism	00030 Pentose phosphate pathway [PATH:ko00030]	K00036  G6P, zwf; glucose-6-phosphate 1-dehydrogenase 		uwo241	g852.t1	1
3	09101 Carbohydrate metabolism	00051 Fructose and mannose metabolism [PATH:ko00051]	K19355  MAN; mannan endo-1,4-beta-mannosidase 		uwo241	g3766.t1	1
4	09101 Carbohydrate metabolism	00053 Ascorbate and aldarate metabolism [PATH:ko00053]	K00434  E1.11.1.11; L-ascorbate peroxidase 		uwo241	g15878.t1	1
5	09103 Lipid metabolism	00073 utin, suberine and wax biosynthesis [PATH:ko00073]	K13356  FAR; alcohol-forming fatty acyl-CoA reductase 		uwo241	g6944.t1	1
6	09108 Metabolism of cofactors and vitamins	00130 Ubiquinone and other terpenoid-quinone biosynthesis [PATH:ko00130]	K17872  NC1, ndbB; demethylphylloquinone reductase 		uwo241	g269.t1, g13422.t1	2
7	09102 Energy metabolism	00190 Oxidative phosphorylation [PATH:ko00190]	K02133  ATPeF1B, ATP5B, ATP2; F-type H+-transporting ATPase subunit beta 		uwo241	g420.t1	1
8	09102 Energy metabolism	00190 Oxidative phosphorylation [PATH:ko00190]	K01535  PMA1, PMA2; H+-transporting ATPase 		uwo241	g38.t1	1
9	09102 Energy metabolism	00195 Photosynthesis [PATH:ko00195]	K02716  psbO; photosystem II oxygen-evolving enhancer protein 1		uwo241	g198.t1	1
10	09102 Energy metabolism	00195 Photosynthesis [PATH:ko00195]	K02639  petF; ferredoxin		uwo241	g2770.t1	1
11	09102 Energy metabolism	00196 Photosynthesis - antenna proteins [PATH:ko00196]	K08913  LHCB2; light-harvesting complex II chlorophyll a/b binding protein 2		uwo241	g1914.t1, g2060.t1	2
12	09102 Energy metabolism	00196 Photosynthesis - antenna proteins [PATH:ko00196]	K08915  LHCB4; light-harvesting complex II chlorophyll a/b binding protein 4		uwo241	g852.t1	1
13	09104 Nucleotide metabolism	00230 Purine metabolism [PATH:ko00230]	K00525  E1.17.4.1A, nrdA, nrdE; ribonucleoside-diphosphate reductase alpha chain 		uwo241	g7731.t1	1
14	09104 Nucleotide metabolism	00240 Pyrimidine metabolism [PATH:ko00240]	K00876  udk, UCK; uridine kinase 		uwo241	g13787.t2, g215.t1, g10292.t1, g11401.t1	4
15	09105 Amino acid metabolism	00260 Glycine, serine and threonine metabolism [PATH:ko00260]	K00130  betB, gbsA; betaine-aldehyde dehydrogenase 		uwo241	g9210.t1, g3489.t1	2
16	09105 Amino acid metabolism	00270 ysteine and methionine metabolism [PATH:ko00270]	K08967  mtn, mtnZ, AI1; 1,2-dihydroxy-3-keto-5-methylthiopentene dioxygenase 		uwo241	g132.t1	1
17	09101 Carbohydrate metabolism	00500 Starch and sucrose metabolism [PATH:ko00500]	K01176  AMY, amyA, malS; alpha-amylase 		uwo241	g5519.t1	1
18	09107 Glycan biosynthesis and metabolism	00510 N-Glycan biosynthesis [PATH:ko00510]	K01230  MAN1A_C, MNS1_2; mannosyl-oligosaccharide alpha-1,2-mannosidase 		uwo241	g7104.t1	1
19	09107 Glycan biosynthesis and metabolism	00514 Other types of O-glycan biosynthesis [PATH:ko00514]	K20781  SGT1; peptidyl serine alpha-galactosyltransferase 		uwo241	g1034.t1	1
20	09101 Carbohydrate metabolism	00520 Amino sugar and nucleotide sugar metabolism [PATH:ko00520]	K00326  E1.6.2.2; cytochrome-b5 reductase 		uwo241	g11394.t1, g15195.t1	2
21	09107 Glycan biosynthesis and metabolism	00532 Glycosaminoglycan biosynthesis - chondroitin sulfate / dermatan sulfate [PATH:ko00532]	K00747  CHPF; chondroitin polymerizing factor 		uwo241	g9136.t1	1
22	09103 Lipid metabolism	00561 Glycerolipid metabolism [PATH:ko00561]	K01054  MGLL; acylglycerol lipase 		uwo241	g38.t1	1
23	09101 Carbohydrate metabolism	00562 Inositol phosphate metabolism [PATH:ko00562]	K00914  PIK3C3, VPS34; phosphatidylinositol 3-kinase 		uwo241	g269.t1	1
24	09101 Carbohydrate metabolism	00562 Inositol phosphate metabolism [PATH:ko00562]	K00999  CIPT; CP-diacylglycerol--inositol 3-phosphatidyltransferase 		uwo241	g9130.t1	1
25	09107 Glycan biosynthesis and metabolism	00563 Glycosylphosphatidylinositol (GPI)-anchor biosynthesis [PATH:ko00563]	K05284  PIGM; GPI mannosyltransferase 1 subunit M 		uwo241	g38.t1	1
26	09103 Lipid metabolism	00564 Glycerophospholipid metabolism [PATH:ko00564]	K13621  BTA1; betaine lipid synthase		uwo241	g201.t1	1
27	09101 Carbohydrate metabolism	00620 Pyruvate metabolism [PATH:ko00620]	K00626  ACAT, atoB; acetyl-CoA C-acetyltransferase 		uwo241	g1470.t1	1
28	09101 Carbohydrate metabolism	00630 Glyoxylate and dicarboxylate metabolism [PATH:ko00630]	K01602  rbcS, cbbS; ribulose-bisphosphate carboxylase small chain 		uwo241	g1206.t1	1
29	09101 Carbohydrate metabolism	00640 Propanoate metabolism [PATH:ko00640]	K00140  mmsA, iolA, ALH6A1; malonate-semialdehyde dehydrogenase (acetylating) / methylmalonate-semialdehyde dehydrogenase 		uwo241	g6615.t1	1
30	09101 Carbohydrate metabolism	00650 Butanoate metabolism [PATH:ko00650]	K01580  E4.1.1.15, gadB, gadA, GA; glutamate decarboxylase 		uwo241	g884.t1	1
31	09102 Energy metabolism	00710 arbon fixation in photosynthetic organisms [PATH:ko00710]	K05298  GAPA; glyceraldehyde-3-phosphate dehydrogenase (NAP+) (phosphorylating) 		uwo241	g623.t1	1
32	09108 Metabolism of cofactors and vitamins	00730 Thiamine metabolism [PATH:ko00730]	K03150  thiH; 2-iminoacetate synthase 		uwo241	g7785.t1, g1386.t1	2
33	09108 Metabolism of cofactors and vitamins	00750 Vitamin B6 metabolism [PATH:ko00750]	K00275  pdxH, PNPO; pyridoxamine 5'-phosphate oxidase 		uwo241	g13165.t1, g15629.t1, g1559.t1, g3349.t1, g3379.t1, g14276.t1, g13093.t1, g8502.t1	8
34	09108 Metabolism of cofactors and vitamins	00790 Folate biosynthesis [PATH:ko00790]	K01113  pho; alkaline phosphatase 		uwo241	g13165.t1, g15629.t1, g1559.t1, g3349.t1, g3379.t1, g14276.t1, g13093.t1, g8502.t1	8
35	09108 Metabolism of cofactors and vitamins	00860 Porphyrin and chlorophyll metabolism [PATH:ko00860]	K02303  cobA; uroporphyrin-III C-methyltransferase 		uwo241	g1034.t1	1
36	09108 Metabolism of cofactors and vitamins	00860 Porphyrin and chlorophyll metabolism [PATH:ko00860]	K13071  PAO, AC1; pheophorbide a oxygenase 		uwo241	g4681.t1	1
37	09108 Metabolism of cofactors and vitamins	00860 Porphyrin and chlorophyll metabolism [PATH:ko00860]	K10960  chlP, bchP; geranylgeranyl diphosphate/geranylgeranyl-bacteriochlorophyllide a reductase 		uwo241	g1191.t1	1
38	09102 Energy metabolism	00910 Nitrogen metabolism [PATH:ko00910]	K02575  NRT, narK, nrtP, nasA; MFS transporter, NNP family, nitrate/nitrite transporter		uwo241	g1875.t1	1
39	09102 Energy metabolism	00920 Sulfur metabolism [PATH:ko00920]	K01738  cysK; cysteine synthase 		uwo241	g2683.t1	1
40	09181 Protein families: metabolism	01001 Protein kinases [BR:ko01001]	K08798  MARK; MAP/microtubule affinity-regulating kinase 		uwo241	g13165.t1, g15629.t1, g1559.t1, g3349.t1, g3379.t1, g14276.t1, g13093.t1, g8502.t1	8
41	09181 Protein families: metabolism	01001 Protein kinases [BR:ko01001]	K08824  CKL; cyclin-dependent kinase-like 		uwo241	g10320.t1, g14639.t1, g5245.t1, g6592.t3, g12959.t1, g15862.t1	6
42	09181 Protein families: metabolism	01001 Protein kinases [BR:ko01001]	K08857  NEK1_4_5; NIMA (never in mitosis gene a)-related kinase 1/4/5 		uwo241	g636.t1	1
43	09181 Protein families: metabolism	01001 Protein kinases [BR:ko01001]	K08867  WNK, PRKWNK; WNK lysine deficient protein kinase 		uwo241	g5248.t1, g4440.t1	2
44	09181 Protein families: metabolism	01002 Peptidases and inhibitors [BR:ko01002]	K11855  USP36_42; ubiquitin carboxyl-terminal hydrolase 36/42 		uwo241	g2119.t1, g5645.t1	2
45	09181 Protein families: metabolism	01005 Lipopolysaccharide biosynthesis proteins [BR:ko01005]	K20444  rfbC; O-antigen biosynthesis protein 		uwo241	g15935.t2	1
46	09181 Protein families: metabolism	01009 Protein phosphatases and associated proteins [BR:ko01009]	K17506  PPM1L, PP2CE; protein phosphatase 1L 		uwo241	g9210.t1, g3489.t1	2
47	09181 Protein families: metabolism	01009 Protein phosphatases and associated proteins [BR:ko01009]	K17619  MP1; magnesium-dependent phosphatase 1 		uwo241	g10740.t1	1
48	09183 Protein families: signaling and cellular processes	02000 Transporters [BR:ko02000]	K14724  SLC9A8, NHE8; solute carrier family 9 (sodium/hydrogen exchanger), member 8		uwo241	g79.t1	1
49	09183 Protein families: signaling and cellular processes	02000 Transporters [BR:ko02000]	K14640  SLC20A, PIT; solute carrier family 20 (sodium-dependent phosphate transporter)		uwo241	g8986.t1	1
50	09183 Protein families: signaling and cellular processes	02000 Transporters [BR:ko02000]	K13754  SLC24A6, NCKX6; solute carrier family 24 (sodium/potassium/calcium exchanger), member 6		uwo241	g3407.t2	1
51	09183 Protein families: signaling and cellular processes	02000 Transporters [BR:ko02000]	K15382  SLC50A, SWEET; solute carrier family 50 (sugar transporter)		uwo241	g9210.t1, g3489.t1	2
52	09183 Protein families: signaling and cellular processes	02000 Transporters [BR:ko02000]	K06213  mgtE; magnesium transporter		uwo241	g10320.t1, g14639.t1, g5245.t1, g6592.t3, g12959.t1, g15862.t1	6
53	09183 Protein families: signaling and cellular processes	02000 Transporters [BR:ko02000]	K18059  SULTR4; sulfate transporter 4		uwo241	g1034.t1	1
54	09183 Protein families: signaling and cellular processes	02000 Transporters [BR:ko02000]	K22736  VIT; vacuolar iron transporter family protein		uwo241	g10320.t1, g1379.t1	2
55	09131 Membrane transport	02010 AB transporters [PATH:ko02010]	K05658  ABCB1, C243; ATP-binding cassette, subfamily B (MR/TAP), member 1 		uwo241	g8340.t1	1
56	09131 Membrane transport	02010 AB transporters [PATH:ko02010]	K05673  ABCC4; ATP-binding cassette, subfamily C (CFTR/MRP), member 4		uwo241	g3837.t1	1
57	09132 Signal transduction	02020 Two-component system [PATH:ko02020]	K08738  CYC; cytochrome c		uwo241	g11394.t1, g5801.t1, g15195.t1	3
58	09183 Protein families: signaling and cellular processes	02044 Secretion system [BR:ko02044]	K12271  SRP43, CAO; signal recognition particle 43 ka protein		uwo241	g9210.t1, g3489.t1	2
59	09182 Protein families: genetic information processing	03000 Transcription factors [BR:ko03000]	K09284  AP2; AP2-like factor, euAP2 lineage		uwo241	g14276.t1	1
60	09182 Protein families: genetic information processing	03009 Ribosome biogenesis [BR:ko03009]	K11806  CAF13, WSOF1; B1- and CUL4-associated factor 13		uwo241	g13165.t1, g15629.t1, g1559.t1, g3349.t1, g3379.t1, g14276.t1, g13093.t1, g8502.t1	8
61	09182 Protein families: genetic information processing	03009 Ribosome biogenesis [BR:ko03009]	K19306  BU23; 18S rRNA (guanine1575-N7)-methyltransferase 		uwo241	g13293.t1	1
62	09182 Protein families: genetic information processing	03009 Ribosome biogenesis [BR:ko03009]	K14859  SSF1_2; ribosome biogenesis protein SSF1/2		uwo241	g14526.t2	1
63	09122 Translation	03010 Ribosome [PATH:ko03010]	K02984  RP-S3Ae, RPS3A; small subunit ribosomal protein S3Ae		uwo241	g4489.t1	1
64	09122 Translation	03010 Ribosome [PATH:ko03010]	K02987  RP-S4e, RPS4; small subunit ribosomal protein S4e		uwo241	g95.t1	1
65	09122 Translation	03010 Ribosome [PATH:ko03010]	K02989  RP-S5e, RPS5; small subunit ribosomal protein S5e		uwo241	g5390.t1	1
66	09122 Translation	03010 Ribosome [PATH:ko03010]	K02995  RP-S8e, RPS8; small subunit ribosomal protein S8e		uwo241	g14343.t1	1
67	09122 Translation	03010 Ribosome [PATH:ko03010]	K02960  RP-S16e, RPS16; small subunit ribosomal protein S16e		uwo241	g563.t1	1
68	09122 Translation	03010 Ribosome [PATH:ko03010]	K02976  RP-S26e, RPS26; small subunit ribosomal protein S26e		uwo241	g6869.t1	1
69	09122 Translation	03010 Ribosome [PATH:ko03010]	K02978  RP-S27e, RPS27; small subunit ribosomal protein S27e		uwo241	g3998.t1	1
70	09122 Translation	03010 Ribosome [PATH:ko03010]	K02935  RP-L7, MRPL12, rplL; large subunit ribosomal protein L7/L12		uwo241	g2014.t1	1
71	09122 Translation	03010 Ribosome [PATH:ko03010]	K02936  RP-L7Ae, RPL7A; large subunit ribosomal protein L7Ae		uwo241	g3985.t1	1
72	09122 Translation	03010 Ribosome [PATH:ko03010]	K02868  RP-L11e, RPL11; large subunit ribosomal protein L11e		uwo241	g94.t1	1
73	09122 Translation	03010 Ribosome [PATH:ko03010]	K02870  RP-L12e, RPL12; large subunit ribosomal protein L12e		uwo241	g2186.t1	1
74	09122 Translation	03010 Ribosome [PATH:ko03010]	K02873  RP-L13e, RPL13; large subunit ribosomal protein L13e		uwo241	g413.t1	1
75	09122 Translation	03010 Ribosome [PATH:ko03010]	K02875  RP-L14e, RPL14; large subunit ribosomal protein L14e		uwo241	g8280.t1	1
76	09122 Translation	03010 Ribosome [PATH:ko03010]	K02883  RP-L18e, RPL18; large subunit ribosomal protein L18e		uwo241	g320.t1	1
77	09122 Translation	03010 Ribosome [PATH:ko03010]	K02882  RP-L18Ae, RPL18A; large subunit ribosomal protein L18Ae		uwo241	g417.t1	1
78	09122 Translation	03010 Ribosome [PATH:ko03010]	K02889  RP-L21e, RPL21; large subunit ribosomal protein L21e		uwo241	g408.t1	1
79	09122 Translation	03010 Ribosome [PATH:ko03010]	K02896  RP-L24e, RPL24; large subunit ribosomal protein L24e		uwo241	g9340.t1	1
80	09122 Translation	03010 Ribosome [PATH:ko03010]	K02900  RP-L27Ae, RPL27A; large subunit ribosomal protein L27Ae		uwo241	g1892.t1	1
81	09122 Translation	03010 Ribosome [PATH:ko03010]	K02910  RP-L31e, RPL31; large subunit ribosomal protein L31e		uwo241	g4864.t1	1
82	09122 Translation	03010 Ribosome [PATH:ko03010]	K02927  RP-L40e, RPL40, UBA52; ubiquitin-large subunit ribosomal protein L40e		uwo241	g3684.t1	1
83	09122 Translation	03010 Ribosome [PATH:ko03010]	K02929  RP-L44e, RPL44; large subunit ribosomal protein L44e		uwo241	g11536.t1	1
84	09122 Translation	03010 Ribosome [PATH:ko03010]	K02942  RP-LP1, RPLP1; large subunit ribosomal protein LP1		uwo241	g7402.t1	1
85	09122 Translation	03010 Ribosome [PATH:ko03010]	K02943  RP-LP2, RPLP2; large subunit ribosomal protein LP2		uwo241	g7402.t1	1
86	09182 Protein families: genetic information processing	03012 Translation factors [BR:ko03012]	K15028  EIF3K; translation initiation factor 3 subunit K		uwo241	g2257.t1	1
87	09182 Protein families: genetic information processing	03012 Translation factors [BR:ko03012]	K02835  prfA, MTRF1, MRF1; peptide chain release factor 1		uwo241	g3489.t1	1
88	09122 Translation	03013 RNA transport [PATH:ko03013]	K03231  EEF1A; elongation factor 1-alpha		uwo241	g3873.t1	1
89	09122 Translation	03013 RNA transport [PATH:ko03013]	K10577  UBE2I, UBC9; ubiquitin-conjugating enzyme E2 I		uwo241	g6100.t1	1
90	09122 Translation	03015 mRNA surveillance pathway [PATH:ko03015]	K06269  PPP1C; serine/threonine-protein phosphatase PP1 catalytic subunit 		uwo241	g3054.t1	1
91	09182 Protein families: genetic information processing	03016 Transfer RNA biogenesis [BR:ko03016]	K22132  tcdA; tRNA threonylcarbamoyladenosine dehydratase		uwo241	g15862.t1	1
92	09182 Protein families: genetic information processing	03019 Messenger RNA biogenesis [BR:ko03019]	K18422  MOV10; helicase MOV-10 		uwo241	g269.t1	1
93	09121 Transcription	03020 RNA polymerase [PATH:ko03020]	K03018  RPC1, POLR3A; NA-directed RNA polymerase III subunit RPC1 		uwo241	g1470.t1	1
94	09182 Protein families: genetic information processing	03021 Transcription machinery [BR:ko03021]	K15190  MEPCE, BCIN3; 7SK snRNA methylphosphate capping enzyme 		uwo241	g3639.t1	1
95	09182 Protein families: genetic information processing	03021 Transcription machinery [BR:ko03021]	K15191  LARP7; La-related protein 7		uwo241	g15935.t2	1
96	09124 Replication and repair	03030 DNA replication [PATH:ko03030]	K10756  RFC3_5; replication factor C subunit 3/5		uwo241	g6972.t1	1
97	09182 Protein families: genetic information processing	03032 DNA replication proteins [BR:ko03032]	K15255  PIF1; ATP-dependent NA helicase PIF1 		uwo241	g7104.t1	1
98	09182 Protein families: genetic information processing	03032 DNA replication proteins [BR:ko03032]	K03167  top6B; NA topoisomerase VI subunit B 		uwo241	g2038.t1	1
99	09182 Protein families: genetic information processing	03036 hromosome and associated proteins [BR:ko03036]	K06709  KM4, JMJ2, JHM3; [histone H3]-trimethyl-L-lysine9/36 demethylase 		uwo241	g113.t1	1
100	09182 Protein families: genetic information processing	03036 hromosome and associated proteins [BR:ko03036]	K16465  CETN1; centrin-1		uwo241	g943.t1	1
101	09182 Protein families: genetic information processing	03036 hromosome and associated proteins [BR:ko03036]	K16491  STAR9; StAR-related lipid transfer protein 9		uwo241	g429.t1	1
102	09182 Protein families: genetic information processing	03036 hromosome and associated proteins [BR:ko03036]	K16726  ANKR17, MASK; ankyrin repeat domain-containing protein 17		uwo241	g334.t1	1
103	09182 Protein families: genetic information processing	03036 hromosome and associated proteins [BR:ko03036]	K16745  B92; B9 domain-containing protein 2		uwo241	g10740.t1	1
104	09182 Protein families: genetic information processing	03036 hromosome and associated proteins [BR:ko03036]	K16740  AHI1; jouberin		uwo241	g5701.t1	1
105	09182 Protein families: genetic information processing	03036 hromosome and associated proteins [BR:ko03036]	K19680  TRAF3IP1, IFT54; TRAF3-interacting protein 1		uwo241	g14526.t2	1
106	09182 Protein families: genetic information processing	03036 hromosome and associated proteins [BR:ko03036]	K22869  WR60; W repeat-containing protein 60		uwo241	g15935.t2	1
107	09121 Transcription	03040 Spliceosome [PATH:ko03040]	K12849  PRPF38A; pre-mRNA-splicing factor 38A		uwo241	g14276.t1	1
108	09121 Transcription	03040 Spliceosome [PATH:ko03040]	K03283  HSPA1s; heat shock 70ka protein 1/2/6/8		uwo241	g11864.t1	1
109	09182 Protein families: genetic information processing	03041 Spliceosome [BR:ko03041]	K13179  X18, HAS1; ATP-dependent RNA helicase X18/HAS1 		uwo241	g269.t1	1
110	09182 Protein families: genetic information processing	03041 Spliceosome [BR:ko03041]	K09528  NAJC8; naJ homolog subfamily C member 8		uwo241	g13787.t2, g215.t1, g10292.t1, g11401.t1	4
111	09182 Protein families: genetic information processing	03041 Spliceosome [BR:ko03041]	K13220  WBP4, FBP21; WW domain-binding protein 4		uwo241	g1379.t1	1
112	09123 Folding, sorting and degradation	03050 Proteasome [PATH:ko03050]	K03037  PSM6, RPN7; 26S proteasome regulatory subunit N7		uwo241	g10320.t1, g14639.t1, g5245.t1, g6592.t3, g12959.t1, g15862.t1	6
113	09123 Folding, sorting and degradation	03050 Proteasome [PATH:ko03050]	K02730  PSMA6; 20S proteasome subunit alpha 1 		uwo241	g3112.t1	1
114	09123 Folding, sorting and degradation	03060 Protein export [PATH:ko03060]	K09490  HSPA5, BIP; endoplasmic reticulum chaperone BiP 		uwo241	g16243.t1	1
115	09182 Protein families: genetic information processing	03110 haperones and folding catalysts [BR:ko03110]	K03768  PPIB, ppiB; peptidyl-prolyl cis-trans isomerase B (cyclophilin B) 		uwo241	g4836.t1	1
116	09182 Protein families: genetic information processing	03400 DNA repair and recombination proteins [BR:ko03400]	K10862  TP1; tyrosyl-NA phosphodiesterase 1 		uwo241	g38.t1	1
117	09182 Protein families: genetic information processing	03400 DNA repair and recombination proteins [BR:ko03400]	K20777  EX2; exonuclease 3'-5' domain-containing protein 2 		uwo241	g113.t1	1
118	09182 Protein families: genetic information processing	03400 DNA repair and recombination proteins [BR:ko03400]	K15271  HFM1, MER3; ATP-dependent NA helicase HFM1/MER3 		uwo241	g1008.t1	1
119	09182 Protein families: genetic information processing	03400 DNA repair and recombination proteins [BR:ko03400]	K10904  TIPIN; TIMELESS-interacting protein		uwo241	g3617.t1	1
120	09124 Replication and repair	03410 Base excision repair [PATH:ko03410]	K03660  OGG1; N-glycosylase/NA lyase 		uwo241	g1796.t1	1
121	09124 Replication and repair	03440 Homologous recombination [PATH:ko03440]	K10869  RA51L1, RA51B; RA51-like protein 1		uwo241	g210.t1	1
122	09124 Replication and repair	03440 Homologous recombination [PATH:ko03440]	K10901  BLM, RECQL3, SGS1; bloom syndrome protein 		uwo241	g6558.t1	1
123	09124 Replication and repair	03450 Non-homologous end-joining [PATH:ko03450]	K06642  PRKC; NA-dependent protein kinase catalytic subunit 		uwo241	g1008.t1	1
124	09124 Replication and repair	03460 Fanconi anemia pathway [PATH:ko03460]	K15363  FAN1, MTMR15; fanconi-associated nuclease 1 		uwo241	g7164.t1	1
125	09132 Signal transduction	04010 MAPK signaling pathway [PATH:ko04010]	K04459  USP, MKP; dual specificity MAP kinase phosphatase 		uwo241	g1467.t1	1
126	09132 Signal transduction	04011 MAPK signaling pathway - yeast [PATH:ko04011]	K06630  YWHAE; 14-3-3 protein epsilon		uwo241	g1893.t1	1
127	09132 Signal transduction	04014 Ras signaling pathway [PATH:ko04014]	K04345  PKA; protein kinase A 		uwo241	g6797.t1	1
128	09132 Signal transduction	04016 MAPK signaling pathway - plant [PATH:ko04016]	K17686  copA, ctpA, ATP7; P-type Cu+ transporter 		uwo241	g3379.t1, g15629.t1, g13093.t1	3
129	09132 Signal transduction	04016 MAPK signaling pathway - plant [PATH:ko04016]	K14497  PP2C; protein phosphatase 2C 		uwo241	g3268.t1	1
130	09132 Signal transduction	04020 alcium signaling pathway [PATH:ko04020]	K15040  VAC2; voltage-dependent anion channel protein 2		uwo241	g2683.t1	1
131	09183 Protein families: signaling and cellular processes	04031 GTP-binding proteins [BR:ko04031]	K07962  ARL13B, ARL2L1; AP-ribosylation factor-like protein 13B		uwo241	g6798.t1	1
132	09132 Signal transduction	04068 FoxO signaling pathway [PATH:ko04068]	K11838  USP7, UBP15; ubiquitin carboxyl-terminal hydrolase 7 		uwo241	g13787.t2, g215.t1, g10292.t1, g11401.t1	4
133	09132 Signal transduction	04072 Phospholipase D signaling pathway [PATH:ko04072]	K07937  ARF1_2; AP-ribosylation factor 1/2		uwo241	g15690.t1	1
134	09143 Cell growth and death	04112 ell cycle - aulobacter [PATH:ko04112]	K01358  clpP, CLPP; ATP-dependent Clp protease, protease subunit 		uwo241	g2158.t1	1
135	09123 Folding, sorting and degradation	04120 Ubiquitin mediated proteolysis [PATH:ko04120]	K03363  CC20; cell division cycle 20, cofactor of APC complex		uwo241	g10320.t1, g14639.t1, g5245.t1, g6592.t3, g12959.t1, g15862.t1	6
136	09182 Protein families: genetic information processing	04121 Ubiquitin system [BR:ko04121]	K11968  ARIH1; ariadne-1 		uwo241	g2553.t2	1
137	09182 Protein families: genetic information processing	04121 Ubiquitin system [BR:ko04121]	K16274  AIP2; E3 ubiquitin-protein ligase AIP2 		uwo241	g210.t1	1
138	09182 Protein families: genetic information processing	04131 Membrane trafficking [BR:ko04131]	K20069  NECAP1_2; adaptin ear-binding coat-associated protein 1/2		uwo241	g14819.t1	1
139	09182 Protein families: genetic information processing	04131 Membrane trafficking [BR:ko04131]	K20289  COG2; conserved oligomeric Golgi complex subunit 2		uwo241	g2553.t2	1
140	09182 Protein families: genetic information processing	04131 Membrane trafficking [BR:ko04131]	K20305  TRAPPC8, TRS85; trafficking protein particle complex subunit 8		uwo241	g269.t1	1
141	09141 Transport and catabolism	04138 Autophagy - yeast [PATH:ko04138]	K20182  VPS33A; vacuolar protein sorting-associated protein 33A		uwo241	g16149.t1, g113.t1	2
142	09141 Transport and catabolism	04138 Autophagy - yeast [PATH:ko04138]	K20184  VPS41; vacuolar protein sorting-associated protein 41		uwo241	g6558.t1	1
143	09123 Folding, sorting and degradation	04141 Protein processing in endoplasmic reticulum [PATH:ko04141]	K09523  NAJC3; naJ homolog subfamily C member 3		uwo241	g7785.t1, g1386.t1	2
144	09123 Folding, sorting and degradation	04141 Protein processing in endoplasmic reticulum [PATH:ko04141]	K13989  ERL2_3; erlin-2/3		uwo241	g11394.t1, g5801.t1, g15195.t1	3
145	09123 Folding, sorting and degradation	04141 Protein processing in endoplasmic reticulum [PATH:ko04141]	K10601  SYVN1, HR1; E3 ubiquitin-protein ligase synoviolin 		uwo241	g3349.t1	1
146	09141 Transport and catabolism	04144 Endocytosis [PATH:ko04144]	K18467  VPS29; vacuolar protein sorting-associated protein 29		uwo241	g3349.t1	1
147	09141 Transport and catabolism	04144 Endocytosis [PATH:ko04144]	K18468  VPS35; vacuolar protein sorting-associated protein 35		uwo241	g15935.t2, g5801.t1	2
148	09141 Transport and catabolism	04144 Endocytosis [PATH:ko04144]	K11866  STAMBP, AMSH; STAM-binding protein 		uwo241	g269.t1	1
149	09141 Transport and catabolism	04145 Phagosome [PATH:ko04145]	K07374  TUBA; tubulin alpha		uwo241	g4802.t1	1
150	09141 Transport and catabolism	04145 Phagosome [PATH:ko04145]	K07375  TUBB; tubulin beta		uwo241	g2201.t1	1
151	09141 Transport and catabolism	04146 Peroxisome [PATH:ko04146]	K13344  PEX13; peroxin-13		uwo241	g8107.t1	1
152	09132 Signal transduction	04152 AMPK signaling pathway [PATH:ko04152]	K07877  RAB2A; Ras-related protein Rab-2A		uwo241	g643.t1	1
153	09143 Cell growth and death	04217 Necroptosis [PATH:ko04217]	K11251  H2A; histone H2A		uwo241	g11406.t1, g1666.t1, g3011.t1	3
154	09132 Signal transduction	04330 Notch signaling pathway [PATH:ko04330]	K06067  HAC1_2; histone deacetylase 1/2 		uwo241	g14526.t2	1
155	09132 Signal transduction	04340 Hedgehog signaling pathway [PATH:ko04340]	K10523  SPOP; speckle-type POZ protein		uwo241	g11753.t1	1
156	09151 Immune system	04622 RIG-I-like receptor signaling pathway [PATH:ko04622]	K11594  X3X, bel; ATP-dependent RNA helicase X3X 		uwo241	g15935.t2, g5801.t1	2
157	09159 Environmental adaptation	04626 Plant-pathogen interaction [PATH:ko04626]	K13412  CPK; calcium-dependent protein kinase 		uwo241	g1034.t1, g9210.t1, g3489.t1	3
158	09183 Protein families: signaling and cellular processes	04812 ytoskeleton proteins [BR:ko04812]	K19753  LRRC6; protein TilB		uwo241	g1034.t1	1
159	09183 Protein families: signaling and cellular processes	04812 ytoskeleton proteins [BR:ko04812]	K19756  RSPH4_6; radial spoke head protein 4/6		uwo241	g13787.t2, g215.t1, g10292.t1, g11401.t1	4
160	09152 Endocrine system	04921 Oxytocin signaling pathway [PATH:ko04921]	K05005  KCNJ12_18, KIR2.2, KIR2.6; potassium inwardly-rectifying channel subfamily J member 12/18		uwo241	g3584.t1	1
161	09155 Excretory system	04962 Vasopressin-regulated water reabsorption [PATH:ko04962]	K10417  YNC2LI; dynein light intermediate chain 2, cytosolic		uwo241	g38.t1	1
162	09164 Neurodegenerative disease	05014 Amyotrophic lateral sclerosis [PATH:ko05014]	K10408  NAH; dynein heavy chain, axonemal		uwo241	g4987.t2	1
163	09171 Infectious disease: bacterial	05100 Bacterial invasion of epithelial cells [PATH:ko05100]	K13730  inlA; internalin A		uwo241	g5368.t1	1
164	09174 Infectious disease: parasitic	05142 hagas disease [PATH:ko05142]	K01354  ptrB; oligopeptidase B 		uwo241	g13196.t4	1
165	09174 Infectious disease: parasitic	05146 Amoebiasis [PATH:ko05146]	K13963  SERPINB; serpin B		uwo241	g2279.t1	1
166	09161 Cancer: overview	05202 Transcriptional misregulation in cancer [PATH:ko05202]	K11253  H3; histone H3		uwo241	g7895.t1, g13165.t1, g8051.t2, g1235.t1, g11981.t1	5
167	09161 Cancer: overview	05202 Transcriptional misregulation in cancer [PATH:ko05202]	K15627  ASPSCR1, ASPL; tether containing UBX domain for GLUT4		uwo241	g14526.t2	1
168	09161 Cancer: overview	05203 Viral carcinogenesis [PATH:ko05203]	K11252  H2B; histone H2B		uwo241	g1031.t1	1
169	09161 Cancer: overview	05203 Viral carcinogenesis [PATH:ko05203]	K11254  H4; histone H4		uwo241	g852.t1, g1234.t1	2
170	09191 Unclassified: metabolism	99980 Enzymes with E numbers	K07304  msrA; peptide-methionine (S)-S-oxide reductase 		uwo241	g1470.t1	1
171	09191 Unclassified: metabolism	99980 Enzymes with E numbers	K03564  BCP, PRXQ, OT5; thioredoxin-dependent peroxiredoxin 		uwo241	g852.t1	1
172	09191 Unclassified: metabolism	99980 Enzymes with E numbers	K06898  larB; pyridinium-3,5-biscarboxylic acid mononucleotide synthase 		uwo241	g10320.t1, g14639.t1, g5245.t1, g6592.t3, g12959.t1, g15862.t1	6
173	09191 Unclassified: metabolism	99980 Enzymes with E numbers	K03424  tat; Tat Nase family protein 		uwo241	g113.t1	1
174	09191 Unclassified: metabolism	99980 Enzymes with E numbers	K13526  ATP13A2; cation-transporting P-type ATPase 13A2 		uwo241	g3584.t1	1
175	09194 Poorly characterized	99997 Function unknown	K07034  K07034; uncharacterized protein		uwo241	g336.t1	1
